bytes,content-type,elapsed,endpoint,resource,status,entry-date,start-date,end-date
139,text/plain; charset=utf-8,0.515,62c0f319c2dd048f7e0aebaae669415e577f6fcf7491a030ccd472d1e43d3526,2fe5d6561eb7b987b60fefefd8c121f893e9d46ce27d3816cf5249ec5a395042,200,2021-03-26T09:47:06.593489,,
139,text/plain; charset=utf-8,0.233,62c0f319c2dd048f7e0aebaae669415e577f6fcf7491a030ccd472d1e43d3526,2fe5d6561eb7b987b60fefefd8c121f893e9d46ce27d3816cf5249ec5a395042,200,2021-03-27T02:31:01.013250,,
139,text/plain; charset=utf-8,0.209,62c0f319c2dd048f7e0aebaae669415e577f6fcf7491a030ccd472d1e43d3526,2fe5d6561eb7b987b60fefefd8c121f893e9d46ce27d3816cf5249ec5a395042,200,2021-03-28T00:23:40.246281,,
139,text/plain; charset=utf-8,0.208,62c0f319c2dd048f7e0aebaae669415e577f6fcf7491a030ccd472d1e43d3526,2fe5d6561eb7b987b60fefefd8c121f893e9d46ce27d3816cf5249ec5a395042,200,2021-03-29T00:23:17.936112,,
139,text/plain; charset=utf-8,0.238,62c0f319c2dd048f7e0aebaae669415e577f6fcf7491a030ccd472d1e43d3526,2fe5d6561eb7b987b60fefefd8c121f893e9d46ce27d3816cf5249ec5a395042,200,2021-03-30T00:22:10.626467,,
139,text/plain; charset=utf-8,0.225,62c0f319c2dd048f7e0aebaae669415e577f6fcf7491a030ccd472d1e43d3526,2fe5d6561eb7b987b60fefefd8c121f893e9d46ce27d3816cf5249ec5a395042,200,2021-03-31T00:18:58.474490,,
139,text/plain; charset=utf-8,0.244,62c0f319c2dd048f7e0aebaae669415e577f6fcf7491a030ccd472d1e43d3526,2fe5d6561eb7b987b60fefefd8c121f893e9d46ce27d3816cf5249ec5a395042,200,2021-04-01T00:23:27.563777,,
139,text/plain; charset=utf-8,0.215,62c0f319c2dd048f7e0aebaae669415e577f6fcf7491a030ccd472d1e43d3526,2fe5d6561eb7b987b60fefefd8c121f893e9d46ce27d3816cf5249ec5a395042,200,2021-04-02T00:29:29.423992,,
139,text/plain; charset=utf-8,0.201,62c0f319c2dd048f7e0aebaae669415e577f6fcf7491a030ccd472d1e43d3526,2fe5d6561eb7b987b60fefefd8c121f893e9d46ce27d3816cf5249ec5a395042,200,2021-04-03T00:22:13.205475,,
139,text/plain; charset=utf-8,0.356,62c0f319c2dd048f7e0aebaae669415e577f6fcf7491a030ccd472d1e43d3526,2fe5d6561eb7b987b60fefefd8c121f893e9d46ce27d3816cf5249ec5a395042,200,2021-04-04T00:29:17.366168,,
139,text/plain; charset=utf-8,0.228,62c0f319c2dd048f7e0aebaae669415e577f6fcf7491a030ccd472d1e43d3526,2fe5d6561eb7b987b60fefefd8c121f893e9d46ce27d3816cf5249ec5a395042,200,2021-04-05T00:24:12.694399,,
139,text/plain; charset=utf-8,0.318,62c0f319c2dd048f7e0aebaae669415e577f6fcf7491a030ccd472d1e43d3526,2fe5d6561eb7b987b60fefefd8c121f893e9d46ce27d3816cf5249ec5a395042,200,2021-04-06T00:23:37.306713,,
139,text/plain; charset=utf-8,0.305,62c0f319c2dd048f7e0aebaae669415e577f6fcf7491a030ccd472d1e43d3526,2fe5d6561eb7b987b60fefefd8c121f893e9d46ce27d3816cf5249ec5a395042,200,2021-04-07T00:22:41.312711,,
139,text/plain; charset=utf-8,0.23,62c0f319c2dd048f7e0aebaae669415e577f6fcf7491a030ccd472d1e43d3526,2fe5d6561eb7b987b60fefefd8c121f893e9d46ce27d3816cf5249ec5a395042,200,2021-04-08T00:25:29.968980,,
139,text/plain; charset=utf-8,0.196,62c0f319c2dd048f7e0aebaae669415e577f6fcf7491a030ccd472d1e43d3526,2fe5d6561eb7b987b60fefefd8c121f893e9d46ce27d3816cf5249ec5a395042,200,2021-04-09T00:22:49.857106,,
139,text/plain; charset=utf-8,0.293,62c0f319c2dd048f7e0aebaae669415e577f6fcf7491a030ccd472d1e43d3526,2fe5d6561eb7b987b60fefefd8c121f893e9d46ce27d3816cf5249ec5a395042,200,2021-04-10T00:23:32.019909,,
139,text/plain; charset=utf-8,0.339,62c0f319c2dd048f7e0aebaae669415e577f6fcf7491a030ccd472d1e43d3526,2fe5d6561eb7b987b60fefefd8c121f893e9d46ce27d3816cf5249ec5a395042,200,2021-04-11T00:26:10.738619,,
139,text/plain; charset=utf-8,0.199,62c0f319c2dd048f7e0aebaae669415e577f6fcf7491a030ccd472d1e43d3526,2fe5d6561eb7b987b60fefefd8c121f893e9d46ce27d3816cf5249ec5a395042,200,2021-04-12T00:24:36.753978,,
139,text/plain; charset=utf-8,0.347,62c0f319c2dd048f7e0aebaae669415e577f6fcf7491a030ccd472d1e43d3526,2fe5d6561eb7b987b60fefefd8c121f893e9d46ce27d3816cf5249ec5a395042,200,2021-04-13T00:24:47.476270,,
139,text/plain; charset=utf-8,0.207,62c0f319c2dd048f7e0aebaae669415e577f6fcf7491a030ccd472d1e43d3526,2fe5d6561eb7b987b60fefefd8c121f893e9d46ce27d3816cf5249ec5a395042,200,2021-04-14T00:22:08.166102,,
139,text/plain; charset=utf-8,0.262,62c0f319c2dd048f7e0aebaae669415e577f6fcf7491a030ccd472d1e43d3526,2fe5d6561eb7b987b60fefefd8c121f893e9d46ce27d3816cf5249ec5a395042,200,2021-04-15T00:23:01.935338,,
139,text/plain; charset=utf-8,0.222,62c0f319c2dd048f7e0aebaae669415e577f6fcf7491a030ccd472d1e43d3526,2fe5d6561eb7b987b60fefefd8c121f893e9d46ce27d3816cf5249ec5a395042,200,2021-04-16T00:22:05.730045,,
139,text/plain; charset=utf-8,0.194,62c0f319c2dd048f7e0aebaae669415e577f6fcf7491a030ccd472d1e43d3526,2fe5d6561eb7b987b60fefefd8c121f893e9d46ce27d3816cf5249ec5a395042,200,2021-04-17T00:22:35.244705,,
139,text/plain; charset=utf-8,0.357,62c0f319c2dd048f7e0aebaae669415e577f6fcf7491a030ccd472d1e43d3526,2fe5d6561eb7b987b60fefefd8c121f893e9d46ce27d3816cf5249ec5a395042,200,2021-04-18T00:23:49.610051,,
139,text/plain; charset=utf-8,0.227,62c0f319c2dd048f7e0aebaae669415e577f6fcf7491a030ccd472d1e43d3526,2fe5d6561eb7b987b60fefefd8c121f893e9d46ce27d3816cf5249ec5a395042,200,2021-04-19T00:23:19.758772,,
139,text/plain; charset=utf-8,0.222,62c0f319c2dd048f7e0aebaae669415e577f6fcf7491a030ccd472d1e43d3526,2fe5d6561eb7b987b60fefefd8c121f893e9d46ce27d3816cf5249ec5a395042,200,2021-04-20T00:23:09.676203,,
139,text/plain; charset=utf-8,0.466,62c0f319c2dd048f7e0aebaae669415e577f6fcf7491a030ccd472d1e43d3526,2fe5d6561eb7b987b60fefefd8c121f893e9d46ce27d3816cf5249ec5a395042,200,2021-04-21T00:23:19.660115,,
139,text/plain; charset=utf-8,0.252,62c0f319c2dd048f7e0aebaae669415e577f6fcf7491a030ccd472d1e43d3526,2fe5d6561eb7b987b60fefefd8c121f893e9d46ce27d3816cf5249ec5a395042,200,2021-04-22T00:23:50.059392,,
139,text/plain; charset=utf-8,0.241,62c0f319c2dd048f7e0aebaae669415e577f6fcf7491a030ccd472d1e43d3526,2fe5d6561eb7b987b60fefefd8c121f893e9d46ce27d3816cf5249ec5a395042,200,2021-04-23T00:23:05.225966,,
139,text/plain; charset=utf-8,0.271,62c0f319c2dd048f7e0aebaae669415e577f6fcf7491a030ccd472d1e43d3526,2fe5d6561eb7b987b60fefefd8c121f893e9d46ce27d3816cf5249ec5a395042,200,2021-04-24T00:23:44.900083,,
139,text/plain; charset=utf-8,0.203,62c0f319c2dd048f7e0aebaae669415e577f6fcf7491a030ccd472d1e43d3526,2fe5d6561eb7b987b60fefefd8c121f893e9d46ce27d3816cf5249ec5a395042,200,2021-04-25T00:24:31.282415,,
139,text/plain; charset=utf-8,0.296,62c0f319c2dd048f7e0aebaae669415e577f6fcf7491a030ccd472d1e43d3526,2fe5d6561eb7b987b60fefefd8c121f893e9d46ce27d3816cf5249ec5a395042,200,2021-04-26T00:25:01.978319,,
139,text/plain; charset=utf-8,0.244,62c0f319c2dd048f7e0aebaae669415e577f6fcf7491a030ccd472d1e43d3526,2fe5d6561eb7b987b60fefefd8c121f893e9d46ce27d3816cf5249ec5a395042,200,2021-04-27T00:22:43.851436,,
139,text/plain; charset=utf-8,0.222,62c0f319c2dd048f7e0aebaae669415e577f6fcf7491a030ccd472d1e43d3526,2fe5d6561eb7b987b60fefefd8c121f893e9d46ce27d3816cf5249ec5a395042,200,2021-04-28T00:23:26.400360,,
139,text/plain; charset=utf-8,0.206,62c0f319c2dd048f7e0aebaae669415e577f6fcf7491a030ccd472d1e43d3526,2fe5d6561eb7b987b60fefefd8c121f893e9d46ce27d3816cf5249ec5a395042,200,2021-04-29T00:22:45.524515,,
139,text/plain; charset=utf-8,0.264,62c0f319c2dd048f7e0aebaae669415e577f6fcf7491a030ccd472d1e43d3526,2fe5d6561eb7b987b60fefefd8c121f893e9d46ce27d3816cf5249ec5a395042,200,2021-04-30T00:12:49.807954,,
139,text/plain; charset=utf-8,0.351,62c0f319c2dd048f7e0aebaae669415e577f6fcf7491a030ccd472d1e43d3526,2fe5d6561eb7b987b60fefefd8c121f893e9d46ce27d3816cf5249ec5a395042,200,2021-05-01T00:14:14.986384,,
139,text/plain; charset=utf-8,0.21,62c0f319c2dd048f7e0aebaae669415e577f6fcf7491a030ccd472d1e43d3526,2fe5d6561eb7b987b60fefefd8c121f893e9d46ce27d3816cf5249ec5a395042,200,2021-05-02T00:16:19.623178,,
139,text/plain; charset=utf-8,0.341,62c0f319c2dd048f7e0aebaae669415e577f6fcf7491a030ccd472d1e43d3526,2fe5d6561eb7b987b60fefefd8c121f893e9d46ce27d3816cf5249ec5a395042,200,2021-05-03T00:14:54.029781,,
139,text/plain; charset=utf-8,0.351,62c0f319c2dd048f7e0aebaae669415e577f6fcf7491a030ccd472d1e43d3526,2fe5d6561eb7b987b60fefefd8c121f893e9d46ce27d3816cf5249ec5a395042,200,2021-05-04T00:10:03.778736,,
139,text/plain; charset=utf-8,0.214,62c0f319c2dd048f7e0aebaae669415e577f6fcf7491a030ccd472d1e43d3526,2fe5d6561eb7b987b60fefefd8c121f893e9d46ce27d3816cf5249ec5a395042,200,2021-05-05T01:07:57.844647,,
139,text/plain; charset=utf-8,0.424,62c0f319c2dd048f7e0aebaae669415e577f6fcf7491a030ccd472d1e43d3526,2fe5d6561eb7b987b60fefefd8c121f893e9d46ce27d3816cf5249ec5a395042,200,2021-05-06T01:07:18.064571,,
139,text/plain; charset=utf-8,0.257,62c0f319c2dd048f7e0aebaae669415e577f6fcf7491a030ccd472d1e43d3526,2fe5d6561eb7b987b60fefefd8c121f893e9d46ce27d3816cf5249ec5a395042,200,2021-05-07T01:10:06.439650,,
139,text/plain; charset=utf-8,0.23,62c0f319c2dd048f7e0aebaae669415e577f6fcf7491a030ccd472d1e43d3526,2fe5d6561eb7b987b60fefefd8c121f893e9d46ce27d3816cf5249ec5a395042,200,2021-05-08T01:08:20.626374,,
139,text/plain; charset=utf-8,0.508,62c0f319c2dd048f7e0aebaae669415e577f6fcf7491a030ccd472d1e43d3526,2fe5d6561eb7b987b60fefefd8c121f893e9d46ce27d3816cf5249ec5a395042,200,2021-05-09T01:13:08.337564,,
139,text/plain; charset=utf-8,0.221,62c0f319c2dd048f7e0aebaae669415e577f6fcf7491a030ccd472d1e43d3526,2fe5d6561eb7b987b60fefefd8c121f893e9d46ce27d3816cf5249ec5a395042,200,2021-05-10T01:12:23.944760,,
139,text/plain; charset=utf-8,0.252,62c0f319c2dd048f7e0aebaae669415e577f6fcf7491a030ccd472d1e43d3526,2fe5d6561eb7b987b60fefefd8c121f893e9d46ce27d3816cf5249ec5a395042,200,2021-05-11T01:11:20.983763,,
139,text/plain; charset=utf-8,0.25,62c0f319c2dd048f7e0aebaae669415e577f6fcf7491a030ccd472d1e43d3526,2fe5d6561eb7b987b60fefefd8c121f893e9d46ce27d3816cf5249ec5a395042,200,2021-05-12T01:13:12.303112,,
139,text/plain; charset=utf-8,0.212,62c0f319c2dd048f7e0aebaae669415e577f6fcf7491a030ccd472d1e43d3526,2fe5d6561eb7b987b60fefefd8c121f893e9d46ce27d3816cf5249ec5a395042,200,2021-05-13T01:18:20.026716,,
139,text/plain; charset=utf-8,0.212,62c0f319c2dd048f7e0aebaae669415e577f6fcf7491a030ccd472d1e43d3526,2fe5d6561eb7b987b60fefefd8c121f893e9d46ce27d3816cf5249ec5a395042,200,2021-05-14T01:19:11.935252,,
139,text/plain; charset=utf-8,0.36,62c0f319c2dd048f7e0aebaae669415e577f6fcf7491a030ccd472d1e43d3526,2fe5d6561eb7b987b60fefefd8c121f893e9d46ce27d3816cf5249ec5a395042,200,2021-05-15T01:16:40.080912,,
139,text/plain; charset=utf-8,0.244,62c0f319c2dd048f7e0aebaae669415e577f6fcf7491a030ccd472d1e43d3526,2fe5d6561eb7b987b60fefefd8c121f893e9d46ce27d3816cf5249ec5a395042,200,2021-05-16T01:24:08.872739,,
139,text/plain; charset=utf-8,0.222,62c0f319c2dd048f7e0aebaae669415e577f6fcf7491a030ccd472d1e43d3526,2fe5d6561eb7b987b60fefefd8c121f893e9d46ce27d3816cf5249ec5a395042,200,2021-05-17T01:16:51.706645,,
139,text/plain; charset=utf-8,0.199,62c0f319c2dd048f7e0aebaae669415e577f6fcf7491a030ccd472d1e43d3526,2fe5d6561eb7b987b60fefefd8c121f893e9d46ce27d3816cf5249ec5a395042,200,2021-05-18T01:19:54.224576,,
139,text/plain; charset=utf-8,0.406,62c0f319c2dd048f7e0aebaae669415e577f6fcf7491a030ccd472d1e43d3526,2fe5d6561eb7b987b60fefefd8c121f893e9d46ce27d3816cf5249ec5a395042,200,2021-05-19T01:16:11.521506,,
139,text/plain; charset=utf-8,0.229,62c0f319c2dd048f7e0aebaae669415e577f6fcf7491a030ccd472d1e43d3526,2fe5d6561eb7b987b60fefefd8c121f893e9d46ce27d3816cf5249ec5a395042,200,2021-05-20T01:14:01.066298,,
139,text/plain; charset=utf-8,0.201,62c0f319c2dd048f7e0aebaae669415e577f6fcf7491a030ccd472d1e43d3526,2fe5d6561eb7b987b60fefefd8c121f893e9d46ce27d3816cf5249ec5a395042,200,2021-05-21T01:17:48.485907,,
139,text/plain; charset=utf-8,0.225,62c0f319c2dd048f7e0aebaae669415e577f6fcf7491a030ccd472d1e43d3526,2fe5d6561eb7b987b60fefefd8c121f893e9d46ce27d3816cf5249ec5a395042,200,2021-05-22T01:16:44.628107,,
139,text/plain; charset=utf-8,0.261,62c0f319c2dd048f7e0aebaae669415e577f6fcf7491a030ccd472d1e43d3526,2fe5d6561eb7b987b60fefefd8c121f893e9d46ce27d3816cf5249ec5a395042,200,2021-05-23T01:27:02.633001,,
139,text/plain; charset=utf-8,0.287,62c0f319c2dd048f7e0aebaae669415e577f6fcf7491a030ccd472d1e43d3526,2fe5d6561eb7b987b60fefefd8c121f893e9d46ce27d3816cf5249ec5a395042,200,2021-05-24T01:24:59.893849,,
139,text/plain; charset=utf-8,0.232,62c0f319c2dd048f7e0aebaae669415e577f6fcf7491a030ccd472d1e43d3526,2fe5d6561eb7b987b60fefefd8c121f893e9d46ce27d3816cf5249ec5a395042,200,2021-05-25T01:20:41.906481,,
139,text/plain; charset=utf-8,0.227,62c0f319c2dd048f7e0aebaae669415e577f6fcf7491a030ccd472d1e43d3526,2fe5d6561eb7b987b60fefefd8c121f893e9d46ce27d3816cf5249ec5a395042,200,2021-05-26T01:39:43.625908,,
139,text/plain; charset=utf-8,0.202,62c0f319c2dd048f7e0aebaae669415e577f6fcf7491a030ccd472d1e43d3526,2fe5d6561eb7b987b60fefefd8c121f893e9d46ce27d3816cf5249ec5a395042,200,2021-05-27T01:51:50.384752,,
139,text/plain; charset=utf-8,0.21,62c0f319c2dd048f7e0aebaae669415e577f6fcf7491a030ccd472d1e43d3526,2fe5d6561eb7b987b60fefefd8c121f893e9d46ce27d3816cf5249ec5a395042,200,2021-05-28T02:02:24.391940,,
139,text/plain; charset=utf-8,0.205,62c0f319c2dd048f7e0aebaae669415e577f6fcf7491a030ccd472d1e43d3526,2fe5d6561eb7b987b60fefefd8c121f893e9d46ce27d3816cf5249ec5a395042,200,2021-05-29T02:18:15.349345,,
139,text/plain; charset=utf-8,0.225,62c0f319c2dd048f7e0aebaae669415e577f6fcf7491a030ccd472d1e43d3526,2fe5d6561eb7b987b60fefefd8c121f893e9d46ce27d3816cf5249ec5a395042,200,2021-05-30T02:33:22.679987,,
139,text/plain; charset=utf-8,0.229,62c0f319c2dd048f7e0aebaae669415e577f6fcf7491a030ccd472d1e43d3526,2fe5d6561eb7b987b60fefefd8c121f893e9d46ce27d3816cf5249ec5a395042,200,2021-05-31T02:44:40.636748,,
139,text/plain; charset=utf-8,0.415,62c0f319c2dd048f7e0aebaae669415e577f6fcf7491a030ccd472d1e43d3526,2fe5d6561eb7b987b60fefefd8c121f893e9d46ce27d3816cf5249ec5a395042,200,2021-06-01T03:14:21.613028,,
139,text/plain; charset=utf-8,0.385,62c0f319c2dd048f7e0aebaae669415e577f6fcf7491a030ccd472d1e43d3526,2fe5d6561eb7b987b60fefefd8c121f893e9d46ce27d3816cf5249ec5a395042,200,2021-06-02T03:11:10.490542,,
139,text/plain; charset=utf-8,0.224,62c0f319c2dd048f7e0aebaae669415e577f6fcf7491a030ccd472d1e43d3526,2fe5d6561eb7b987b60fefefd8c121f893e9d46ce27d3816cf5249ec5a395042,200,2021-06-03T02:45:33.545200,,
139,text/plain; charset=utf-8,0.356,62c0f319c2dd048f7e0aebaae669415e577f6fcf7491a030ccd472d1e43d3526,2fe5d6561eb7b987b60fefefd8c121f893e9d46ce27d3816cf5249ec5a395042,200,2021-06-04T02:06:34.721776,,
139,text/plain; charset=utf-8,0.197,62c0f319c2dd048f7e0aebaae669415e577f6fcf7491a030ccd472d1e43d3526,2fe5d6561eb7b987b60fefefd8c121f893e9d46ce27d3816cf5249ec5a395042,200,2021-06-05T01:51:37.457145,,
139,text/plain; charset=utf-8,0.212,62c0f319c2dd048f7e0aebaae669415e577f6fcf7491a030ccd472d1e43d3526,2fe5d6561eb7b987b60fefefd8c121f893e9d46ce27d3816cf5249ec5a395042,200,2021-06-06T01:44:36.779364,,
139,text/plain; charset=utf-8,0.225,62c0f319c2dd048f7e0aebaae669415e577f6fcf7491a030ccd472d1e43d3526,2fe5d6561eb7b987b60fefefd8c121f893e9d46ce27d3816cf5249ec5a395042,200,2021-06-07T01:45:49.324310,,
139,text/plain; charset=utf-8,0.367,62c0f319c2dd048f7e0aebaae669415e577f6fcf7491a030ccd472d1e43d3526,2fe5d6561eb7b987b60fefefd8c121f893e9d46ce27d3816cf5249ec5a395042,200,2021-06-08T01:41:34.223531,,
139,text/plain; charset=utf-8,0.359,62c0f319c2dd048f7e0aebaae669415e577f6fcf7491a030ccd472d1e43d3526,2fe5d6561eb7b987b60fefefd8c121f893e9d46ce27d3816cf5249ec5a395042,200,2021-06-09T01:16:09.511940,,
139,text/plain; charset=utf-8,0.225,62c0f319c2dd048f7e0aebaae669415e577f6fcf7491a030ccd472d1e43d3526,2fe5d6561eb7b987b60fefefd8c121f893e9d46ce27d3816cf5249ec5a395042,200,2021-06-10T01:13:42.138052,,
139,text/plain; charset=utf-8,0.223,62c0f319c2dd048f7e0aebaae669415e577f6fcf7491a030ccd472d1e43d3526,2fe5d6561eb7b987b60fefefd8c121f893e9d46ce27d3816cf5249ec5a395042,200,2021-06-11T01:07:20.012031,,
139,text/plain; charset=utf-8,0.34,62c0f319c2dd048f7e0aebaae669415e577f6fcf7491a030ccd472d1e43d3526,2fe5d6561eb7b987b60fefefd8c121f893e9d46ce27d3816cf5249ec5a395042,200,2021-06-12T01:02:12.368091,,
139,text/plain; charset=utf-8,0.243,62c0f319c2dd048f7e0aebaae669415e577f6fcf7491a030ccd472d1e43d3526,2fe5d6561eb7b987b60fefefd8c121f893e9d46ce27d3816cf5249ec5a395042,200,2021-06-13T01:09:50.702105,,
139,text/plain; charset=utf-8,0.233,62c0f319c2dd048f7e0aebaae669415e577f6fcf7491a030ccd472d1e43d3526,2fe5d6561eb7b987b60fefefd8c121f893e9d46ce27d3816cf5249ec5a395042,200,2021-06-14T01:05:31.527123,,
139,text/plain; charset=utf-8,0.207,62c0f319c2dd048f7e0aebaae669415e577f6fcf7491a030ccd472d1e43d3526,2fe5d6561eb7b987b60fefefd8c121f893e9d46ce27d3816cf5249ec5a395042,200,2021-06-15T01:09:56.677707,,
139,text/plain; charset=utf-8,0.242,62c0f319c2dd048f7e0aebaae669415e577f6fcf7491a030ccd472d1e43d3526,2fe5d6561eb7b987b60fefefd8c121f893e9d46ce27d3816cf5249ec5a395042,200,2021-06-16T01:06:44.048372,,
139,text/plain; charset=utf-8,0.234,62c0f319c2dd048f7e0aebaae669415e577f6fcf7491a030ccd472d1e43d3526,2fe5d6561eb7b987b60fefefd8c121f893e9d46ce27d3816cf5249ec5a395042,200,2021-06-17T01:04:37.643451,,
139,text/plain; charset=utf-8,0.232,62c0f319c2dd048f7e0aebaae669415e577f6fcf7491a030ccd472d1e43d3526,2fe5d6561eb7b987b60fefefd8c121f893e9d46ce27d3816cf5249ec5a395042,200,2021-06-18T01:09:42.084504,,
139,text/plain; charset=utf-8,0.22,62c0f319c2dd048f7e0aebaae669415e577f6fcf7491a030ccd472d1e43d3526,2fe5d6561eb7b987b60fefefd8c121f893e9d46ce27d3816cf5249ec5a395042,200,2021-06-19T01:07:42.394065,,
139,text/plain; charset=utf-8,0.218,62c0f319c2dd048f7e0aebaae669415e577f6fcf7491a030ccd472d1e43d3526,2fe5d6561eb7b987b60fefefd8c121f893e9d46ce27d3816cf5249ec5a395042,200,2021-06-20T01:09:44.018756,,
139,text/plain; charset=utf-8,0.209,62c0f319c2dd048f7e0aebaae669415e577f6fcf7491a030ccd472d1e43d3526,2fe5d6561eb7b987b60fefefd8c121f893e9d46ce27d3816cf5249ec5a395042,200,2021-06-21T01:12:50.565124,,
139,text/plain; charset=utf-8,0.206,62c0f319c2dd048f7e0aebaae669415e577f6fcf7491a030ccd472d1e43d3526,2fe5d6561eb7b987b60fefefd8c121f893e9d46ce27d3816cf5249ec5a395042,200,2021-06-22T01:03:31.935969,,
139,text/plain; charset=utf-8,0.229,62c0f319c2dd048f7e0aebaae669415e577f6fcf7491a030ccd472d1e43d3526,2fe5d6561eb7b987b60fefefd8c121f893e9d46ce27d3816cf5249ec5a395042,200,2021-06-23T00:59:16.300603,,
139,text/plain; charset=utf-8,0.234,62c0f319c2dd048f7e0aebaae669415e577f6fcf7491a030ccd472d1e43d3526,2fe5d6561eb7b987b60fefefd8c121f893e9d46ce27d3816cf5249ec5a395042,200,2021-06-24T00:54:20.694540,,
139,text/plain; charset=utf-8,0.264,62c0f319c2dd048f7e0aebaae669415e577f6fcf7491a030ccd472d1e43d3526,2fe5d6561eb7b987b60fefefd8c121f893e9d46ce27d3816cf5249ec5a395042,200,2021-06-25T01:12:34.999563,,
139,text/plain; charset=utf-8,0.253,62c0f319c2dd048f7e0aebaae669415e577f6fcf7491a030ccd472d1e43d3526,2fe5d6561eb7b987b60fefefd8c121f893e9d46ce27d3816cf5249ec5a395042,200,2021-06-26T01:04:39.449157,,
139,text/plain; charset=utf-8,0.242,62c0f319c2dd048f7e0aebaae669415e577f6fcf7491a030ccd472d1e43d3526,2fe5d6561eb7b987b60fefefd8c121f893e9d46ce27d3816cf5249ec5a395042,200,2021-06-27T01:14:29.129849,,
139,text/plain; charset=utf-8,0.241,62c0f319c2dd048f7e0aebaae669415e577f6fcf7491a030ccd472d1e43d3526,2fe5d6561eb7b987b60fefefd8c121f893e9d46ce27d3816cf5249ec5a395042,200,2021-06-28T01:08:33.238100,,
139,text/plain; charset=utf-8,0.222,62c0f319c2dd048f7e0aebaae669415e577f6fcf7491a030ccd472d1e43d3526,2fe5d6561eb7b987b60fefefd8c121f893e9d46ce27d3816cf5249ec5a395042,200,2021-06-29T01:04:16.601996,,
139,text/plain; charset=utf-8,0.361,62c0f319c2dd048f7e0aebaae669415e577f6fcf7491a030ccd472d1e43d3526,2fe5d6561eb7b987b60fefefd8c121f893e9d46ce27d3816cf5249ec5a395042,200,2021-06-30T01:10:18.671946,,
139,text/plain; charset=utf-8,0.274,62c0f319c2dd048f7e0aebaae669415e577f6fcf7491a030ccd472d1e43d3526,2fe5d6561eb7b987b60fefefd8c121f893e9d46ce27d3816cf5249ec5a395042,200,2021-07-01T01:10:22.038206,,
139,text/plain; charset=utf-8,0.205,62c0f319c2dd048f7e0aebaae669415e577f6fcf7491a030ccd472d1e43d3526,2fe5d6561eb7b987b60fefefd8c121f893e9d46ce27d3816cf5249ec5a395042,200,2021-07-02T01:07:56.358933,,
139,text/plain; charset=utf-8,0.233,62c0f319c2dd048f7e0aebaae669415e577f6fcf7491a030ccd472d1e43d3526,2fe5d6561eb7b987b60fefefd8c121f893e9d46ce27d3816cf5249ec5a395042,200,2021-07-03T01:04:50.933796,,
139,text/plain; charset=utf-8,0.227,62c0f319c2dd048f7e0aebaae669415e577f6fcf7491a030ccd472d1e43d3526,2fe5d6561eb7b987b60fefefd8c121f893e9d46ce27d3816cf5249ec5a395042,200,2021-07-04T01:08:43.545225,,
139,text/plain; charset=utf-8,0.398,62c0f319c2dd048f7e0aebaae669415e577f6fcf7491a030ccd472d1e43d3526,2fe5d6561eb7b987b60fefefd8c121f893e9d46ce27d3816cf5249ec5a395042,200,2021-07-05T01:06:11.212365,,
139,text/plain; charset=utf-8,0.266,62c0f319c2dd048f7e0aebaae669415e577f6fcf7491a030ccd472d1e43d3526,2fe5d6561eb7b987b60fefefd8c121f893e9d46ce27d3816cf5249ec5a395042,200,2021-07-06T01:10:36.002032,,
139,text/plain; charset=utf-8,0.253,62c0f319c2dd048f7e0aebaae669415e577f6fcf7491a030ccd472d1e43d3526,2fe5d6561eb7b987b60fefefd8c121f893e9d46ce27d3816cf5249ec5a395042,200,2021-07-07T01:10:39.138392,,
139,text/plain; charset=utf-8,0.302,62c0f319c2dd048f7e0aebaae669415e577f6fcf7491a030ccd472d1e43d3526,2fe5d6561eb7b987b60fefefd8c121f893e9d46ce27d3816cf5249ec5a395042,200,2021-07-08T01:06:28.228931,,
139,text/plain; charset=utf-8,0.213,62c0f319c2dd048f7e0aebaae669415e577f6fcf7491a030ccd472d1e43d3526,2fe5d6561eb7b987b60fefefd8c121f893e9d46ce27d3816cf5249ec5a395042,200,2021-07-09T01:07:52.688743,,
139,text/plain; charset=utf-8,0.259,62c0f319c2dd048f7e0aebaae669415e577f6fcf7491a030ccd472d1e43d3526,2fe5d6561eb7b987b60fefefd8c121f893e9d46ce27d3816cf5249ec5a395042,200,2021-07-10T01:05:56.972218,,
139,text/plain; charset=utf-8,0.223,62c0f319c2dd048f7e0aebaae669415e577f6fcf7491a030ccd472d1e43d3526,2fe5d6561eb7b987b60fefefd8c121f893e9d46ce27d3816cf5249ec5a395042,200,2021-07-11T01:13:24.149583,,
139,text/plain; charset=utf-8,0.293,62c0f319c2dd048f7e0aebaae669415e577f6fcf7491a030ccd472d1e43d3526,2fe5d6561eb7b987b60fefefd8c121f893e9d46ce27d3816cf5249ec5a395042,200,2021-07-12T01:06:27.196648,,
139,text/plain; charset=utf-8,0.26,62c0f319c2dd048f7e0aebaae669415e577f6fcf7491a030ccd472d1e43d3526,2fe5d6561eb7b987b60fefefd8c121f893e9d46ce27d3816cf5249ec5a395042,200,2021-07-13T01:09:48.319471,,
139,text/plain; charset=utf-8,0.293,62c0f319c2dd048f7e0aebaae669415e577f6fcf7491a030ccd472d1e43d3526,2fe5d6561eb7b987b60fefefd8c121f893e9d46ce27d3816cf5249ec5a395042,200,2021-07-14T01:03:54.571536,,
139,text/plain; charset=utf-8,0.566,62c0f319c2dd048f7e0aebaae669415e577f6fcf7491a030ccd472d1e43d3526,2fe5d6561eb7b987b60fefefd8c121f893e9d46ce27d3816cf5249ec5a395042,200,2021-07-15T01:08:51.818151,,
139,text/plain; charset=utf-8,0.248,62c0f319c2dd048f7e0aebaae669415e577f6fcf7491a030ccd472d1e43d3526,2fe5d6561eb7b987b60fefefd8c121f893e9d46ce27d3816cf5249ec5a395042,200,2021-07-16T01:07:54.667602,,
139,text/plain; charset=utf-8,0.236,62c0f319c2dd048f7e0aebaae669415e577f6fcf7491a030ccd472d1e43d3526,2fe5d6561eb7b987b60fefefd8c121f893e9d46ce27d3816cf5249ec5a395042,200,2021-07-17T01:05:19.272251,,
139,text/plain; charset=utf-8,0.379,62c0f319c2dd048f7e0aebaae669415e577f6fcf7491a030ccd472d1e43d3526,2fe5d6561eb7b987b60fefefd8c121f893e9d46ce27d3816cf5249ec5a395042,200,2021-07-18T01:09:52.057533,,
139,text/plain; charset=utf-8,0.449,62c0f319c2dd048f7e0aebaae669415e577f6fcf7491a030ccd472d1e43d3526,2fe5d6561eb7b987b60fefefd8c121f893e9d46ce27d3816cf5249ec5a395042,200,2021-07-19T01:07:59.705872,,
139,text/plain; charset=utf-8,1.066,62c0f319c2dd048f7e0aebaae669415e577f6fcf7491a030ccd472d1e43d3526,2fe5d6561eb7b987b60fefefd8c121f893e9d46ce27d3816cf5249ec5a395042,200,2021-07-20T01:13:01.367769,,
139,text/plain; charset=utf-8,0.245,62c0f319c2dd048f7e0aebaae669415e577f6fcf7491a030ccd472d1e43d3526,2fe5d6561eb7b987b60fefefd8c121f893e9d46ce27d3816cf5249ec5a395042,200,2021-07-21T01:08:39.963000,,
139,text/plain; charset=utf-8,0.406,62c0f319c2dd048f7e0aebaae669415e577f6fcf7491a030ccd472d1e43d3526,2fe5d6561eb7b987b60fefefd8c121f893e9d46ce27d3816cf5249ec5a395042,200,2021-07-22T01:09:28.622481,,
139,text/plain; charset=utf-8,0.281,62c0f319c2dd048f7e0aebaae669415e577f6fcf7491a030ccd472d1e43d3526,2fe5d6561eb7b987b60fefefd8c121f893e9d46ce27d3816cf5249ec5a395042,200,2021-07-23T01:08:12.286206,,
139,text/plain; charset=utf-8,0.233,62c0f319c2dd048f7e0aebaae669415e577f6fcf7491a030ccd472d1e43d3526,2fe5d6561eb7b987b60fefefd8c121f893e9d46ce27d3816cf5249ec5a395042,200,2021-07-24T01:07:23.882803,,
139,text/plain; charset=utf-8,0.232,62c0f319c2dd048f7e0aebaae669415e577f6fcf7491a030ccd472d1e43d3526,2fe5d6561eb7b987b60fefefd8c121f893e9d46ce27d3816cf5249ec5a395042,200,2021-07-25T01:09:27.863540,,
139,text/plain; charset=utf-8,0.234,62c0f319c2dd048f7e0aebaae669415e577f6fcf7491a030ccd472d1e43d3526,2fe5d6561eb7b987b60fefefd8c121f893e9d46ce27d3816cf5249ec5a395042,200,2021-07-26T01:07:28.939871,,
139,text/plain; charset=utf-8,0.248,62c0f319c2dd048f7e0aebaae669415e577f6fcf7491a030ccd472d1e43d3526,2fe5d6561eb7b987b60fefefd8c121f893e9d46ce27d3816cf5249ec5a395042,200,2021-07-27T01:09:46.727513,,
139,text/plain; charset=utf-8,0.291,62c0f319c2dd048f7e0aebaae669415e577f6fcf7491a030ccd472d1e43d3526,2fe5d6561eb7b987b60fefefd8c121f893e9d46ce27d3816cf5249ec5a395042,200,2021-07-28T01:11:20.356465,,
139,text/plain; charset=utf-8,0.326,62c0f319c2dd048f7e0aebaae669415e577f6fcf7491a030ccd472d1e43d3526,2fe5d6561eb7b987b60fefefd8c121f893e9d46ce27d3816cf5249ec5a395042,200,2021-07-29T01:06:00.983431,,
139,text/plain; charset=utf-8,0.355,62c0f319c2dd048f7e0aebaae669415e577f6fcf7491a030ccd472d1e43d3526,2fe5d6561eb7b987b60fefefd8c121f893e9d46ce27d3816cf5249ec5a395042,200,2021-07-30T01:10:31.740735,,
139,text/plain; charset=utf-8,0.256,62c0f319c2dd048f7e0aebaae669415e577f6fcf7491a030ccd472d1e43d3526,2fe5d6561eb7b987b60fefefd8c121f893e9d46ce27d3816cf5249ec5a395042,200,2021-07-31T01:07:25.017173,,
139,text/plain; charset=utf-8,0.379,62c0f319c2dd048f7e0aebaae669415e577f6fcf7491a030ccd472d1e43d3526,2fe5d6561eb7b987b60fefefd8c121f893e9d46ce27d3816cf5249ec5a395042,200,2021-08-01T01:16:38.315264,,
139,text/plain; charset=utf-8,0.269,62c0f319c2dd048f7e0aebaae669415e577f6fcf7491a030ccd472d1e43d3526,2fe5d6561eb7b987b60fefefd8c121f893e9d46ce27d3816cf5249ec5a395042,200,2021-08-02T01:08:12.477036,,
139,text/plain; charset=utf-8,0.214,62c0f319c2dd048f7e0aebaae669415e577f6fcf7491a030ccd472d1e43d3526,2fe5d6561eb7b987b60fefefd8c121f893e9d46ce27d3816cf5249ec5a395042,200,2021-08-03T01:11:35.847032,,
139,text/plain; charset=utf-8,0.242,62c0f319c2dd048f7e0aebaae669415e577f6fcf7491a030ccd472d1e43d3526,2fe5d6561eb7b987b60fefefd8c121f893e9d46ce27d3816cf5249ec5a395042,200,2021-08-04T01:08:33.954891,,
139,text/plain; charset=utf-8,0.431,62c0f319c2dd048f7e0aebaae669415e577f6fcf7491a030ccd472d1e43d3526,2fe5d6561eb7b987b60fefefd8c121f893e9d46ce27d3816cf5249ec5a395042,200,2021-08-05T01:08:02.968694,,
139,text/plain; charset=utf-8,0.357,62c0f319c2dd048f7e0aebaae669415e577f6fcf7491a030ccd472d1e43d3526,2fe5d6561eb7b987b60fefefd8c121f893e9d46ce27d3816cf5249ec5a395042,200,2021-08-06T01:10:45.938685,,
139,text/plain; charset=utf-8,0.214,62c0f319c2dd048f7e0aebaae669415e577f6fcf7491a030ccd472d1e43d3526,2fe5d6561eb7b987b60fefefd8c121f893e9d46ce27d3816cf5249ec5a395042,200,2021-08-07T01:01:59.685262,,
139,text/plain; charset=utf-8,0.23,62c0f319c2dd048f7e0aebaae669415e577f6fcf7491a030ccd472d1e43d3526,2fe5d6561eb7b987b60fefefd8c121f893e9d46ce27d3816cf5249ec5a395042,200,2021-08-08T01:08:08.873889,,
139,text/plain; charset=utf-8,0.231,62c0f319c2dd048f7e0aebaae669415e577f6fcf7491a030ccd472d1e43d3526,2fe5d6561eb7b987b60fefefd8c121f893e9d46ce27d3816cf5249ec5a395042,200,2021-08-09T01:07:32.772357,,
139,text/plain; charset=utf-8,0.22,62c0f319c2dd048f7e0aebaae669415e577f6fcf7491a030ccd472d1e43d3526,2fe5d6561eb7b987b60fefefd8c121f893e9d46ce27d3816cf5249ec5a395042,200,2021-08-10T01:09:12.311084,,
139,text/plain; charset=utf-8,0.359,62c0f319c2dd048f7e0aebaae669415e577f6fcf7491a030ccd472d1e43d3526,2fe5d6561eb7b987b60fefefd8c121f893e9d46ce27d3816cf5249ec5a395042,200,2021-08-11T01:07:52.410271,,
139,text/plain; charset=utf-8,0.375,62c0f319c2dd048f7e0aebaae669415e577f6fcf7491a030ccd472d1e43d3526,2fe5d6561eb7b987b60fefefd8c121f893e9d46ce27d3816cf5249ec5a395042,200,2021-08-12T01:06:14.540790,,
139,text/plain; charset=utf-8,0.25,62c0f319c2dd048f7e0aebaae669415e577f6fcf7491a030ccd472d1e43d3526,2fe5d6561eb7b987b60fefefd8c121f893e9d46ce27d3816cf5249ec5a395042,200,2021-08-13T01:07:36.153778,,
139,text/plain; charset=utf-8,0.373,62c0f319c2dd048f7e0aebaae669415e577f6fcf7491a030ccd472d1e43d3526,2fe5d6561eb7b987b60fefefd8c121f893e9d46ce27d3816cf5249ec5a395042,200,2021-08-14T01:02:09.396261,,
139,text/plain; charset=utf-8,0.358,62c0f319c2dd048f7e0aebaae669415e577f6fcf7491a030ccd472d1e43d3526,2fe5d6561eb7b987b60fefefd8c121f893e9d46ce27d3816cf5249ec5a395042,200,2021-08-15T01:06:56.342733,,
139,text/plain; charset=utf-8,0.211,62c0f319c2dd048f7e0aebaae669415e577f6fcf7491a030ccd472d1e43d3526,2fe5d6561eb7b987b60fefefd8c121f893e9d46ce27d3816cf5249ec5a395042,200,2021-08-16T01:06:15.378684,,
139,text/plain; charset=utf-8,0.387,62c0f319c2dd048f7e0aebaae669415e577f6fcf7491a030ccd472d1e43d3526,2fe5d6561eb7b987b60fefefd8c121f893e9d46ce27d3816cf5249ec5a395042,200,2021-08-17T01:05:06.618468,,
139,text/plain; charset=utf-8,0.22,62c0f319c2dd048f7e0aebaae669415e577f6fcf7491a030ccd472d1e43d3526,2fe5d6561eb7b987b60fefefd8c121f893e9d46ce27d3816cf5249ec5a395042,200,2021-08-18T01:06:39.481670,,
139,text/plain; charset=utf-8,0.252,62c0f319c2dd048f7e0aebaae669415e577f6fcf7491a030ccd472d1e43d3526,2fe5d6561eb7b987b60fefefd8c121f893e9d46ce27d3816cf5249ec5a395042,200,2021-08-19T00:59:37.538925,,
139,text/plain; charset=utf-8,0.41,62c0f319c2dd048f7e0aebaae669415e577f6fcf7491a030ccd472d1e43d3526,2fe5d6561eb7b987b60fefefd8c121f893e9d46ce27d3816cf5249ec5a395042,200,2021-08-20T01:04:26.799884,,
139,text/plain; charset=utf-8,0.361,62c0f319c2dd048f7e0aebaae669415e577f6fcf7491a030ccd472d1e43d3526,2fe5d6561eb7b987b60fefefd8c121f893e9d46ce27d3816cf5249ec5a395042,200,2021-08-21T01:04:28.767971,,
139,text/plain; charset=utf-8,0.362,62c0f319c2dd048f7e0aebaae669415e577f6fcf7491a030ccd472d1e43d3526,2fe5d6561eb7b987b60fefefd8c121f893e9d46ce27d3816cf5249ec5a395042,200,2021-08-22T01:05:08.721440,,
139,text/plain; charset=utf-8,0.351,62c0f319c2dd048f7e0aebaae669415e577f6fcf7491a030ccd472d1e43d3526,2fe5d6561eb7b987b60fefefd8c121f893e9d46ce27d3816cf5249ec5a395042,200,2021-08-23T01:01:14.011430,,
139,text/plain; charset=utf-8,0.392,62c0f319c2dd048f7e0aebaae669415e577f6fcf7491a030ccd472d1e43d3526,2fe5d6561eb7b987b60fefefd8c121f893e9d46ce27d3816cf5249ec5a395042,200,2021-08-24T01:04:29.390419,,
139,text/plain; charset=utf-8,0.288,62c0f319c2dd048f7e0aebaae669415e577f6fcf7491a030ccd472d1e43d3526,2fe5d6561eb7b987b60fefefd8c121f893e9d46ce27d3816cf5249ec5a395042,200,2021-08-25T01:05:09.725134,,
139,text/plain; charset=utf-8,0.402,62c0f319c2dd048f7e0aebaae669415e577f6fcf7491a030ccd472d1e43d3526,2fe5d6561eb7b987b60fefefd8c121f893e9d46ce27d3816cf5249ec5a395042,200,2021-08-26T01:02:59.347209,,
139,text/plain; charset=utf-8,0.399,62c0f319c2dd048f7e0aebaae669415e577f6fcf7491a030ccd472d1e43d3526,2fe5d6561eb7b987b60fefefd8c121f893e9d46ce27d3816cf5249ec5a395042,200,2021-08-27T01:10:52.518068,,
139,text/plain; charset=utf-8,0.375,62c0f319c2dd048f7e0aebaae669415e577f6fcf7491a030ccd472d1e43d3526,2fe5d6561eb7b987b60fefefd8c121f893e9d46ce27d3816cf5249ec5a395042,200,2021-08-28T01:02:40.664905,,
139,text/plain; charset=utf-8,0.218,62c0f319c2dd048f7e0aebaae669415e577f6fcf7491a030ccd472d1e43d3526,2fe5d6561eb7b987b60fefefd8c121f893e9d46ce27d3816cf5249ec5a395042,200,2021-08-29T01:08:59.647927,,
139,text/plain; charset=utf-8,0.373,62c0f319c2dd048f7e0aebaae669415e577f6fcf7491a030ccd472d1e43d3526,2fe5d6561eb7b987b60fefefd8c121f893e9d46ce27d3816cf5249ec5a395042,200,2021-08-30T01:06:16.272690,,
139,text/plain; charset=utf-8,0.243,62c0f319c2dd048f7e0aebaae669415e577f6fcf7491a030ccd472d1e43d3526,2fe5d6561eb7b987b60fefefd8c121f893e9d46ce27d3816cf5249ec5a395042,200,2021-08-31T01:07:42.224713,,
139,text/plain; charset=utf-8,0.252,62c0f319c2dd048f7e0aebaae669415e577f6fcf7491a030ccd472d1e43d3526,2fe5d6561eb7b987b60fefefd8c121f893e9d46ce27d3816cf5249ec5a395042,200,2021-09-01T01:13:44.329045,,
139,text/plain; charset=utf-8,0.249,62c0f319c2dd048f7e0aebaae669415e577f6fcf7491a030ccd472d1e43d3526,2fe5d6561eb7b987b60fefefd8c121f893e9d46ce27d3816cf5249ec5a395042,200,2021-09-02T01:08:25.640595,,
139,text/plain; charset=utf-8,0.241,62c0f319c2dd048f7e0aebaae669415e577f6fcf7491a030ccd472d1e43d3526,2fe5d6561eb7b987b60fefefd8c121f893e9d46ce27d3816cf5249ec5a395042,200,2021-09-03T01:06:49.582274,,
139,text/plain; charset=utf-8,0.256,62c0f319c2dd048f7e0aebaae669415e577f6fcf7491a030ccd472d1e43d3526,2fe5d6561eb7b987b60fefefd8c121f893e9d46ce27d3816cf5249ec5a395042,200,2021-09-04T01:08:16.330073,,
139,text/plain; charset=utf-8,0.243,62c0f319c2dd048f7e0aebaae669415e577f6fcf7491a030ccd472d1e43d3526,2fe5d6561eb7b987b60fefefd8c121f893e9d46ce27d3816cf5249ec5a395042,200,2021-09-05T01:10:50.889856,,
139,text/plain; charset=utf-8,0.405,62c0f319c2dd048f7e0aebaae669415e577f6fcf7491a030ccd472d1e43d3526,2fe5d6561eb7b987b60fefefd8c121f893e9d46ce27d3816cf5249ec5a395042,200,2021-09-06T01:16:21.352302,,
139,text/plain; charset=utf-8,0.266,62c0f319c2dd048f7e0aebaae669415e577f6fcf7491a030ccd472d1e43d3526,2fe5d6561eb7b987b60fefefd8c121f893e9d46ce27d3816cf5249ec5a395042,200,2021-09-07T01:05:24.753091,,
139,text/plain; charset=utf-8,0.241,62c0f319c2dd048f7e0aebaae669415e577f6fcf7491a030ccd472d1e43d3526,2fe5d6561eb7b987b60fefefd8c121f893e9d46ce27d3816cf5249ec5a395042,200,2021-09-08T01:05:59.401926,,
139,text/plain; charset=utf-8,0.206,62c0f319c2dd048f7e0aebaae669415e577f6fcf7491a030ccd472d1e43d3526,2fe5d6561eb7b987b60fefefd8c121f893e9d46ce27d3816cf5249ec5a395042,200,2021-09-09T01:11:10.890570,,
139,text/plain; charset=utf-8,0.375,62c0f319c2dd048f7e0aebaae669415e577f6fcf7491a030ccd472d1e43d3526,2fe5d6561eb7b987b60fefefd8c121f893e9d46ce27d3816cf5249ec5a395042,200,2021-09-10T01:13:07.406634,,
139,text/plain; charset=utf-8,0.424,62c0f319c2dd048f7e0aebaae669415e577f6fcf7491a030ccd472d1e43d3526,2fe5d6561eb7b987b60fefefd8c121f893e9d46ce27d3816cf5249ec5a395042,200,2021-09-11T01:06:42.625455,,
139,text/plain; charset=utf-8,0.415,62c0f319c2dd048f7e0aebaae669415e577f6fcf7491a030ccd472d1e43d3526,2fe5d6561eb7b987b60fefefd8c121f893e9d46ce27d3816cf5249ec5a395042,200,2021-09-12T01:11:32.963117,,
139,text/plain; charset=utf-8,0.234,62c0f319c2dd048f7e0aebaae669415e577f6fcf7491a030ccd472d1e43d3526,2fe5d6561eb7b987b60fefefd8c121f893e9d46ce27d3816cf5249ec5a395042,200,2021-09-13T01:10:24.826895,,
139,text/plain; charset=utf-8,0.238,62c0f319c2dd048f7e0aebaae669415e577f6fcf7491a030ccd472d1e43d3526,2fe5d6561eb7b987b60fefefd8c121f893e9d46ce27d3816cf5249ec5a395042,200,2021-09-14T01:11:50.551284,,
139,text/plain; charset=utf-8,0.383,62c0f319c2dd048f7e0aebaae669415e577f6fcf7491a030ccd472d1e43d3526,2fe5d6561eb7b987b60fefefd8c121f893e9d46ce27d3816cf5249ec5a395042,200,2021-09-15T01:08:19.453673,,
139,text/plain; charset=utf-8,0.263,62c0f319c2dd048f7e0aebaae669415e577f6fcf7491a030ccd472d1e43d3526,2fe5d6561eb7b987b60fefefd8c121f893e9d46ce27d3816cf5249ec5a395042,200,2021-09-16T01:12:50.830236,,
139,text/plain; charset=utf-8,0.291,62c0f319c2dd048f7e0aebaae669415e577f6fcf7491a030ccd472d1e43d3526,2fe5d6561eb7b987b60fefefd8c121f893e9d46ce27d3816cf5249ec5a395042,200,2021-09-17T01:16:35.462803,,
139,text/plain; charset=utf-8,0.266,62c0f319c2dd048f7e0aebaae669415e577f6fcf7491a030ccd472d1e43d3526,2fe5d6561eb7b987b60fefefd8c121f893e9d46ce27d3816cf5249ec5a395042,200,2021-09-18T01:07:39.616512,,
139,text/plain; charset=utf-8,0.251,62c0f319c2dd048f7e0aebaae669415e577f6fcf7491a030ccd472d1e43d3526,2fe5d6561eb7b987b60fefefd8c121f893e9d46ce27d3816cf5249ec5a395042,200,2021-09-19T01:10:21.864044,,
139,text/plain; charset=utf-8,0.259,62c0f319c2dd048f7e0aebaae669415e577f6fcf7491a030ccd472d1e43d3526,2fe5d6561eb7b987b60fefefd8c121f893e9d46ce27d3816cf5249ec5a395042,200,2021-09-20T01:13:25.201391,,
139,text/plain; charset=utf-8,0.27,62c0f319c2dd048f7e0aebaae669415e577f6fcf7491a030ccd472d1e43d3526,2fe5d6561eb7b987b60fefefd8c121f893e9d46ce27d3816cf5249ec5a395042,200,2021-09-21T01:10:48.738343,,
139,text/plain; charset=utf-8,0.263,62c0f319c2dd048f7e0aebaae669415e577f6fcf7491a030ccd472d1e43d3526,2fe5d6561eb7b987b60fefefd8c121f893e9d46ce27d3816cf5249ec5a395042,200,2021-09-22T01:11:30.465295,,
139,text/plain; charset=utf-8,0.293,62c0f319c2dd048f7e0aebaae669415e577f6fcf7491a030ccd472d1e43d3526,2fe5d6561eb7b987b60fefefd8c121f893e9d46ce27d3816cf5249ec5a395042,200,2021-09-23T01:15:14.058195,,
139,text/plain; charset=utf-8,0.275,62c0f319c2dd048f7e0aebaae669415e577f6fcf7491a030ccd472d1e43d3526,2fe5d6561eb7b987b60fefefd8c121f893e9d46ce27d3816cf5249ec5a395042,200,2021-09-24T01:11:07.137748,,
139,text/plain; charset=utf-8,0.383,62c0f319c2dd048f7e0aebaae669415e577f6fcf7491a030ccd472d1e43d3526,2fe5d6561eb7b987b60fefefd8c121f893e9d46ce27d3816cf5249ec5a395042,200,2021-09-25T01:08:39.902908,,
139,text/plain; charset=utf-8,0.217,62c0f319c2dd048f7e0aebaae669415e577f6fcf7491a030ccd472d1e43d3526,2fe5d6561eb7b987b60fefefd8c121f893e9d46ce27d3816cf5249ec5a395042,200,2021-09-26T01:11:37.283259,,
139,text/plain; charset=utf-8,0.24,62c0f319c2dd048f7e0aebaae669415e577f6fcf7491a030ccd472d1e43d3526,2fe5d6561eb7b987b60fefefd8c121f893e9d46ce27d3816cf5249ec5a395042,200,2021-09-27T01:09:35.008537,,
139,text/plain; charset=utf-8,0.219,62c0f319c2dd048f7e0aebaae669415e577f6fcf7491a030ccd472d1e43d3526,2fe5d6561eb7b987b60fefefd8c121f893e9d46ce27d3816cf5249ec5a395042,200,2021-09-28T01:10:15.390082,,
139,text/plain; charset=utf-8,0.237,62c0f319c2dd048f7e0aebaae669415e577f6fcf7491a030ccd472d1e43d3526,2fe5d6561eb7b987b60fefefd8c121f893e9d46ce27d3816cf5249ec5a395042,200,2021-09-29T01:06:55.688353,,
139,text/plain; charset=utf-8,0.257,62c0f319c2dd048f7e0aebaae669415e577f6fcf7491a030ccd472d1e43d3526,2fe5d6561eb7b987b60fefefd8c121f893e9d46ce27d3816cf5249ec5a395042,200,2021-09-30T01:16:56.296708,,
139,text/plain; charset=utf-8,0.307,62c0f319c2dd048f7e0aebaae669415e577f6fcf7491a030ccd472d1e43d3526,2fe5d6561eb7b987b60fefefd8c121f893e9d46ce27d3816cf5249ec5a395042,200,2021-10-01T01:15:08.019231,,
139,text/plain; charset=utf-8,0.407,62c0f319c2dd048f7e0aebaae669415e577f6fcf7491a030ccd472d1e43d3526,2fe5d6561eb7b987b60fefefd8c121f893e9d46ce27d3816cf5249ec5a395042,200,2021-10-02T01:10:16.968987,,
139,text/plain; charset=utf-8,0.219,62c0f319c2dd048f7e0aebaae669415e577f6fcf7491a030ccd472d1e43d3526,2fe5d6561eb7b987b60fefefd8c121f893e9d46ce27d3816cf5249ec5a395042,200,2021-10-03T01:16:14.838874,,
139,text/plain; charset=utf-8,0.229,62c0f319c2dd048f7e0aebaae669415e577f6fcf7491a030ccd472d1e43d3526,2fe5d6561eb7b987b60fefefd8c121f893e9d46ce27d3816cf5249ec5a395042,200,2021-10-04T01:16:26.208028,,
139,text/plain; charset=utf-8,0.251,62c0f319c2dd048f7e0aebaae669415e577f6fcf7491a030ccd472d1e43d3526,2fe5d6561eb7b987b60fefefd8c121f893e9d46ce27d3816cf5249ec5a395042,200,2021-10-05T01:10:33.646547,,
139,text/plain; charset=utf-8,0.257,62c0f319c2dd048f7e0aebaae669415e577f6fcf7491a030ccd472d1e43d3526,2fe5d6561eb7b987b60fefefd8c121f893e9d46ce27d3816cf5249ec5a395042,200,2021-10-06T01:11:12.855759,,
139,text/plain; charset=utf-8,0.459,62c0f319c2dd048f7e0aebaae669415e577f6fcf7491a030ccd472d1e43d3526,2fe5d6561eb7b987b60fefefd8c121f893e9d46ce27d3816cf5249ec5a395042,200,2021-10-07T01:13:44.329502,,
139,text/plain; charset=utf-8,0.322,62c0f319c2dd048f7e0aebaae669415e577f6fcf7491a030ccd472d1e43d3526,2fe5d6561eb7b987b60fefefd8c121f893e9d46ce27d3816cf5249ec5a395042,200,2021-10-08T01:15:01.907681,,
139,text/plain; charset=utf-8,0.23,62c0f319c2dd048f7e0aebaae669415e577f6fcf7491a030ccd472d1e43d3526,2fe5d6561eb7b987b60fefefd8c121f893e9d46ce27d3816cf5249ec5a395042,200,2021-10-09T01:07:47.520942,,
139,text/plain; charset=utf-8,0.229,62c0f319c2dd048f7e0aebaae669415e577f6fcf7491a030ccd472d1e43d3526,2fe5d6561eb7b987b60fefefd8c121f893e9d46ce27d3816cf5249ec5a395042,200,2021-10-10T01:13:00.099104,,
139,text/plain; charset=utf-8,0.245,62c0f319c2dd048f7e0aebaae669415e577f6fcf7491a030ccd472d1e43d3526,2fe5d6561eb7b987b60fefefd8c121f893e9d46ce27d3816cf5249ec5a395042,200,2021-10-11T01:13:40.536467,,
139,text/plain; charset=utf-8,0.244,62c0f319c2dd048f7e0aebaae669415e577f6fcf7491a030ccd472d1e43d3526,2fe5d6561eb7b987b60fefefd8c121f893e9d46ce27d3816cf5249ec5a395042,200,2021-10-12T01:15:28.338163,,
139,text/plain; charset=utf-8,0.291,62c0f319c2dd048f7e0aebaae669415e577f6fcf7491a030ccd472d1e43d3526,2fe5d6561eb7b987b60fefefd8c121f893e9d46ce27d3816cf5249ec5a395042,200,2021-10-13T01:14:10.124176,,
139,text/plain; charset=utf-8,0.76,62c0f319c2dd048f7e0aebaae669415e577f6fcf7491a030ccd472d1e43d3526,2fe5d6561eb7b987b60fefefd8c121f893e9d46ce27d3816cf5249ec5a395042,200,2021-10-14T01:11:18.941424,,
139,text/plain; charset=utf-8,0.284,62c0f319c2dd048f7e0aebaae669415e577f6fcf7491a030ccd472d1e43d3526,2fe5d6561eb7b987b60fefefd8c121f893e9d46ce27d3816cf5249ec5a395042,200,2021-10-15T01:15:09.793581,,
139,text/plain; charset=utf-8,0.256,62c0f319c2dd048f7e0aebaae669415e577f6fcf7491a030ccd472d1e43d3526,2fe5d6561eb7b987b60fefefd8c121f893e9d46ce27d3816cf5249ec5a395042,200,2021-10-16T01:18:06.710440,,
139,text/plain; charset=utf-8,0.347,62c0f319c2dd048f7e0aebaae669415e577f6fcf7491a030ccd472d1e43d3526,2fe5d6561eb7b987b60fefefd8c121f893e9d46ce27d3816cf5249ec5a395042,200,2021-10-17T01:11:50.951009,,
139,text/plain; charset=utf-8,0.262,62c0f319c2dd048f7e0aebaae669415e577f6fcf7491a030ccd472d1e43d3526,2fe5d6561eb7b987b60fefefd8c121f893e9d46ce27d3816cf5249ec5a395042,200,2021-10-18T01:15:35.451867,,
139,text/plain; charset=utf-8,0.268,62c0f319c2dd048f7e0aebaae669415e577f6fcf7491a030ccd472d1e43d3526,2fe5d6561eb7b987b60fefefd8c121f893e9d46ce27d3816cf5249ec5a395042,200,2021-10-19T01:15:37.121411,,
139,text/plain; charset=utf-8,0.235,62c0f319c2dd048f7e0aebaae669415e577f6fcf7491a030ccd472d1e43d3526,2fe5d6561eb7b987b60fefefd8c121f893e9d46ce27d3816cf5249ec5a395042,200,2021-10-20T01:14:34.124979,,
139,text/plain; charset=utf-8,0.251,62c0f319c2dd048f7e0aebaae669415e577f6fcf7491a030ccd472d1e43d3526,2fe5d6561eb7b987b60fefefd8c121f893e9d46ce27d3816cf5249ec5a395042,200,2021-10-21T01:19:58.526069,,
139,text/plain; charset=utf-8,0.317,62c0f319c2dd048f7e0aebaae669415e577f6fcf7491a030ccd472d1e43d3526,2fe5d6561eb7b987b60fefefd8c121f893e9d46ce27d3816cf5249ec5a395042,200,2021-10-22T01:21:28.070205,,
139,text/plain; charset=utf-8,0.258,62c0f319c2dd048f7e0aebaae669415e577f6fcf7491a030ccd472d1e43d3526,2fe5d6561eb7b987b60fefefd8c121f893e9d46ce27d3816cf5249ec5a395042,200,2021-10-23T01:15:04.979249,,
139,text/plain; charset=utf-8,0.797,62c0f319c2dd048f7e0aebaae669415e577f6fcf7491a030ccd472d1e43d3526,2fe5d6561eb7b987b60fefefd8c121f893e9d46ce27d3816cf5249ec5a395042,200,2021-10-24T01:13:10.502091,,
139,text/plain; charset=utf-8,0.232,62c0f319c2dd048f7e0aebaae669415e577f6fcf7491a030ccd472d1e43d3526,2fe5d6561eb7b987b60fefefd8c121f893e9d46ce27d3816cf5249ec5a395042,200,2021-10-25T01:13:23.948997,,
139,text/plain; charset=utf-8,0.537,62c0f319c2dd048f7e0aebaae669415e577f6fcf7491a030ccd472d1e43d3526,2fe5d6561eb7b987b60fefefd8c121f893e9d46ce27d3816cf5249ec5a395042,200,2021-10-26T01:09:01.767843,,
139,text/plain; charset=utf-8,0.281,62c0f319c2dd048f7e0aebaae669415e577f6fcf7491a030ccd472d1e43d3526,2fe5d6561eb7b987b60fefefd8c121f893e9d46ce27d3816cf5249ec5a395042,200,2021-10-27T01:08:15.160061,,
139,text/plain; charset=utf-8,0.237,62c0f319c2dd048f7e0aebaae669415e577f6fcf7491a030ccd472d1e43d3526,2fe5d6561eb7b987b60fefefd8c121f893e9d46ce27d3816cf5249ec5a395042,200,2021-10-28T01:09:11.541562,,
139,text/plain; charset=utf-8,0.301,62c0f319c2dd048f7e0aebaae669415e577f6fcf7491a030ccd472d1e43d3526,2fe5d6561eb7b987b60fefefd8c121f893e9d46ce27d3816cf5249ec5a395042,200,2021-10-29T01:07:45.439375,,
139,text/plain; charset=utf-8,0.282,62c0f319c2dd048f7e0aebaae669415e577f6fcf7491a030ccd472d1e43d3526,2fe5d6561eb7b987b60fefefd8c121f893e9d46ce27d3816cf5249ec5a395042,200,2021-10-30T01:07:15.621436,,
139,text/plain; charset=utf-8,0.287,62c0f319c2dd048f7e0aebaae669415e577f6fcf7491a030ccd472d1e43d3526,2fe5d6561eb7b987b60fefefd8c121f893e9d46ce27d3816cf5249ec5a395042,200,2021-10-31T01:12:36.480553,,
139,text/plain; charset=utf-8,0.278,62c0f319c2dd048f7e0aebaae669415e577f6fcf7491a030ccd472d1e43d3526,2fe5d6561eb7b987b60fefefd8c121f893e9d46ce27d3816cf5249ec5a395042,200,2021-11-01T01:12:47.198387,,
139,text/plain; charset=utf-8,0.372,62c0f319c2dd048f7e0aebaae669415e577f6fcf7491a030ccd472d1e43d3526,2fe5d6561eb7b987b60fefefd8c121f893e9d46ce27d3816cf5249ec5a395042,200,2021-11-02T01:13:07.115282,,
139,text/plain; charset=utf-8,0.234,62c0f319c2dd048f7e0aebaae669415e577f6fcf7491a030ccd472d1e43d3526,2fe5d6561eb7b987b60fefefd8c121f893e9d46ce27d3816cf5249ec5a395042,200,2021-11-03T01:09:47.424367,,
139,text/plain; charset=utf-8,0.267,62c0f319c2dd048f7e0aebaae669415e577f6fcf7491a030ccd472d1e43d3526,2fe5d6561eb7b987b60fefefd8c121f893e9d46ce27d3816cf5249ec5a395042,200,2021-11-04T01:09:28.048566,,
139,text/plain; charset=utf-8,0.458,62c0f319c2dd048f7e0aebaae669415e577f6fcf7491a030ccd472d1e43d3526,2fe5d6561eb7b987b60fefefd8c121f893e9d46ce27d3816cf5249ec5a395042,200,2021-11-05T01:09:41.292687,,
139,text/plain; charset=utf-8,0.259,62c0f319c2dd048f7e0aebaae669415e577f6fcf7491a030ccd472d1e43d3526,2fe5d6561eb7b987b60fefefd8c121f893e9d46ce27d3816cf5249ec5a395042,200,2021-11-06T01:07:20.865531,,
139,text/plain; charset=utf-8,0.288,62c0f319c2dd048f7e0aebaae669415e577f6fcf7491a030ccd472d1e43d3526,2fe5d6561eb7b987b60fefefd8c121f893e9d46ce27d3816cf5249ec5a395042,200,2021-11-07T01:12:50.846308,,
139,text/plain; charset=utf-8,0.398,62c0f319c2dd048f7e0aebaae669415e577f6fcf7491a030ccd472d1e43d3526,2fe5d6561eb7b987b60fefefd8c121f893e9d46ce27d3816cf5249ec5a395042,200,2021-11-08T01:10:22.860612,,
139,text/plain; charset=utf-8,0.39,62c0f319c2dd048f7e0aebaae669415e577f6fcf7491a030ccd472d1e43d3526,2fe5d6561eb7b987b60fefefd8c121f893e9d46ce27d3816cf5249ec5a395042,200,2021-11-09T01:10:14.765604,,
139,text/plain; charset=utf-8,0.265,62c0f319c2dd048f7e0aebaae669415e577f6fcf7491a030ccd472d1e43d3526,2fe5d6561eb7b987b60fefefd8c121f893e9d46ce27d3816cf5249ec5a395042,200,2021-11-10T01:09:37.316040,,
139,text/plain; charset=utf-8,0.403,62c0f319c2dd048f7e0aebaae669415e577f6fcf7491a030ccd472d1e43d3526,2fe5d6561eb7b987b60fefefd8c121f893e9d46ce27d3816cf5249ec5a395042,200,2021-11-11T01:11:03.659150,,
139,text/plain; charset=utf-8,0.366,62c0f319c2dd048f7e0aebaae669415e577f6fcf7491a030ccd472d1e43d3526,2fe5d6561eb7b987b60fefefd8c121f893e9d46ce27d3816cf5249ec5a395042,200,2021-11-12T01:11:28.694000,,
139,text/plain; charset=utf-8,0.336,62c0f319c2dd048f7e0aebaae669415e577f6fcf7491a030ccd472d1e43d3526,2fe5d6561eb7b987b60fefefd8c121f893e9d46ce27d3816cf5249ec5a395042,200,2021-11-13T01:08:34.084459,,
139,text/plain; charset=utf-8,0.259,62c0f319c2dd048f7e0aebaae669415e577f6fcf7491a030ccd472d1e43d3526,2fe5d6561eb7b987b60fefefd8c121f893e9d46ce27d3816cf5249ec5a395042,200,2021-11-14T01:12:29.373104,,
139,text/plain; charset=utf-8,0.303,62c0f319c2dd048f7e0aebaae669415e577f6fcf7491a030ccd472d1e43d3526,2fe5d6561eb7b987b60fefefd8c121f893e9d46ce27d3816cf5249ec5a395042,200,2021-11-15T01:10:22.831184,,
139,text/plain; charset=utf-8,0.311,62c0f319c2dd048f7e0aebaae669415e577f6fcf7491a030ccd472d1e43d3526,2fe5d6561eb7b987b60fefefd8c121f893e9d46ce27d3816cf5249ec5a395042,200,2021-11-16T01:10:25.601824,,
139,text/plain; charset=utf-8,0.262,62c0f319c2dd048f7e0aebaae669415e577f6fcf7491a030ccd472d1e43d3526,2fe5d6561eb7b987b60fefefd8c121f893e9d46ce27d3816cf5249ec5a395042,200,2021-11-17T01:09:41.410343,,
139,text/plain; charset=utf-8,0.222,62c0f319c2dd048f7e0aebaae669415e577f6fcf7491a030ccd472d1e43d3526,2fe5d6561eb7b987b60fefefd8c121f893e9d46ce27d3816cf5249ec5a395042,200,2021-11-18T01:10:39.410413,,
139,text/plain; charset=utf-8,0.334,62c0f319c2dd048f7e0aebaae669415e577f6fcf7491a030ccd472d1e43d3526,2fe5d6561eb7b987b60fefefd8c121f893e9d46ce27d3816cf5249ec5a395042,200,2021-11-19T01:10:16.758388,,
139,text/plain; charset=utf-8,0.274,62c0f319c2dd048f7e0aebaae669415e577f6fcf7491a030ccd472d1e43d3526,2fe5d6561eb7b987b60fefefd8c121f893e9d46ce27d3816cf5249ec5a395042,200,2021-11-20T01:09:06.543641,,
139,text/plain; charset=utf-8,0.512,62c0f319c2dd048f7e0aebaae669415e577f6fcf7491a030ccd472d1e43d3526,2fe5d6561eb7b987b60fefefd8c121f893e9d46ce27d3816cf5249ec5a395042,200,2021-11-21T01:13:23.190806,,
139,text/plain; charset=utf-8,0.364,62c0f319c2dd048f7e0aebaae669415e577f6fcf7491a030ccd472d1e43d3526,2fe5d6561eb7b987b60fefefd8c121f893e9d46ce27d3816cf5249ec5a395042,200,2021-11-22T01:11:26.015649,,
139,text/plain; charset=utf-8,0.289,62c0f319c2dd048f7e0aebaae669415e577f6fcf7491a030ccd472d1e43d3526,2fe5d6561eb7b987b60fefefd8c121f893e9d46ce27d3816cf5249ec5a395042,200,2021-11-23T01:10:04.300162,,
139,text/plain; charset=utf-8,0.523,62c0f319c2dd048f7e0aebaae669415e577f6fcf7491a030ccd472d1e43d3526,2fe5d6561eb7b987b60fefefd8c121f893e9d46ce27d3816cf5249ec5a395042,200,2021-11-24T01:09:40.611843,,
139,text/plain; charset=utf-8,0.265,62c0f319c2dd048f7e0aebaae669415e577f6fcf7491a030ccd472d1e43d3526,2fe5d6561eb7b987b60fefefd8c121f893e9d46ce27d3816cf5249ec5a395042,200,2021-11-25T01:11:05.018082,,
139,text/plain; charset=utf-8,0.239,62c0f319c2dd048f7e0aebaae669415e577f6fcf7491a030ccd472d1e43d3526,2fe5d6561eb7b987b60fefefd8c121f893e9d46ce27d3816cf5249ec5a395042,200,2021-11-26T01:09:06.156522,,
139,text/plain; charset=utf-8,0.248,62c0f319c2dd048f7e0aebaae669415e577f6fcf7491a030ccd472d1e43d3526,2fe5d6561eb7b987b60fefefd8c121f893e9d46ce27d3816cf5249ec5a395042,200,2021-11-27T01:08:14.924823,,
139,text/plain; charset=utf-8,0.297,62c0f319c2dd048f7e0aebaae669415e577f6fcf7491a030ccd472d1e43d3526,2fe5d6561eb7b987b60fefefd8c121f893e9d46ce27d3816cf5249ec5a395042,200,2021-11-28T01:11:42.942918,,
139,text/plain; charset=utf-8,0.409,62c0f319c2dd048f7e0aebaae669415e577f6fcf7491a030ccd472d1e43d3526,2fe5d6561eb7b987b60fefefd8c121f893e9d46ce27d3816cf5249ec5a395042,200,2021-11-29T01:10:50.199648,,
139,text/plain; charset=utf-8,0.299,62c0f319c2dd048f7e0aebaae669415e577f6fcf7491a030ccd472d1e43d3526,2fe5d6561eb7b987b60fefefd8c121f893e9d46ce27d3816cf5249ec5a395042,200,2021-11-30T01:09:43.589988,,
139,text/plain; charset=utf-8,0.473,62c0f319c2dd048f7e0aebaae669415e577f6fcf7491a030ccd472d1e43d3526,2fe5d6561eb7b987b60fefefd8c121f893e9d46ce27d3816cf5249ec5a395042,200,2021-12-01T01:15:05.149464,,
139,text/plain; charset=utf-8,0.397,62c0f319c2dd048f7e0aebaae669415e577f6fcf7491a030ccd472d1e43d3526,2fe5d6561eb7b987b60fefefd8c121f893e9d46ce27d3816cf5249ec5a395042,200,2021-12-02T01:11:30.976413,,
139,text/plain; charset=utf-8,0.334,62c0f319c2dd048f7e0aebaae669415e577f6fcf7491a030ccd472d1e43d3526,2fe5d6561eb7b987b60fefefd8c121f893e9d46ce27d3816cf5249ec5a395042,200,2021-12-03T01:11:04.884750,,
139,text/plain; charset=utf-8,0.265,62c0f319c2dd048f7e0aebaae669415e577f6fcf7491a030ccd472d1e43d3526,2fe5d6561eb7b987b60fefefd8c121f893e9d46ce27d3816cf5249ec5a395042,200,2021-12-04T01:11:18.363145,,
139,text/plain; charset=utf-8,0.312,62c0f319c2dd048f7e0aebaae669415e577f6fcf7491a030ccd472d1e43d3526,2fe5d6561eb7b987b60fefefd8c121f893e9d46ce27d3816cf5249ec5a395042,200,2021-12-05T01:17:24.221993,,
139,text/plain; charset=utf-8,0.619,62c0f319c2dd048f7e0aebaae669415e577f6fcf7491a030ccd472d1e43d3526,2fe5d6561eb7b987b60fefefd8c121f893e9d46ce27d3816cf5249ec5a395042,200,2021-12-06T01:13:57.075225,,
139,text/plain; charset=utf-8,0.521,62c0f319c2dd048f7e0aebaae669415e577f6fcf7491a030ccd472d1e43d3526,2fe5d6561eb7b987b60fefefd8c121f893e9d46ce27d3816cf5249ec5a395042,200,2021-12-07T01:15:58.489650,,
139,text/plain; charset=utf-8,0.358,62c0f319c2dd048f7e0aebaae669415e577f6fcf7491a030ccd472d1e43d3526,2fe5d6561eb7b987b60fefefd8c121f893e9d46ce27d3816cf5249ec5a395042,200,2021-12-08T01:14:15.167763,,
139,text/plain; charset=utf-8,0.334,62c0f319c2dd048f7e0aebaae669415e577f6fcf7491a030ccd472d1e43d3526,2fe5d6561eb7b987b60fefefd8c121f893e9d46ce27d3816cf5249ec5a395042,200,2021-12-09T01:13:10.868856,,
139,text/plain; charset=utf-8,0.401,62c0f319c2dd048f7e0aebaae669415e577f6fcf7491a030ccd472d1e43d3526,2fe5d6561eb7b987b60fefefd8c121f893e9d46ce27d3816cf5249ec5a395042,200,2021-12-10T01:13:09.365774,,
139,text/plain; charset=utf-8,0.445,62c0f319c2dd048f7e0aebaae669415e577f6fcf7491a030ccd472d1e43d3526,2fe5d6561eb7b987b60fefefd8c121f893e9d46ce27d3816cf5249ec5a395042,200,2021-12-11T01:11:45.946039,,
139,text/plain; charset=utf-8,0.283,62c0f319c2dd048f7e0aebaae669415e577f6fcf7491a030ccd472d1e43d3526,2fe5d6561eb7b987b60fefefd8c121f893e9d46ce27d3816cf5249ec5a395042,200,2021-12-12T01:16:08.711648,,
139,text/plain; charset=utf-8,0.257,62c0f319c2dd048f7e0aebaae669415e577f6fcf7491a030ccd472d1e43d3526,2fe5d6561eb7b987b60fefefd8c121f893e9d46ce27d3816cf5249ec5a395042,200,2021-12-13T01:12:54.548732,,
139,text/plain; charset=utf-8,0.297,62c0f319c2dd048f7e0aebaae669415e577f6fcf7491a030ccd472d1e43d3526,2fe5d6561eb7b987b60fefefd8c121f893e9d46ce27d3816cf5249ec5a395042,200,2021-12-14T01:16:12.835925,,
139,text/plain; charset=utf-8,0.526,62c0f319c2dd048f7e0aebaae669415e577f6fcf7491a030ccd472d1e43d3526,2fe5d6561eb7b987b60fefefd8c121f893e9d46ce27d3816cf5249ec5a395042,200,2021-12-15T01:12:37.042103,,
139,text/plain; charset=utf-8,0.28,62c0f319c2dd048f7e0aebaae669415e577f6fcf7491a030ccd472d1e43d3526,2fe5d6561eb7b987b60fefefd8c121f893e9d46ce27d3816cf5249ec5a395042,200,2021-12-16T01:12:05.039075,,
139,text/plain; charset=utf-8,0.338,62c0f319c2dd048f7e0aebaae669415e577f6fcf7491a030ccd472d1e43d3526,2fe5d6561eb7b987b60fefefd8c121f893e9d46ce27d3816cf5249ec5a395042,200,2021-12-17T01:15:11.282391,,
139,text/plain; charset=utf-8,0.378,62c0f319c2dd048f7e0aebaae669415e577f6fcf7491a030ccd472d1e43d3526,2fe5d6561eb7b987b60fefefd8c121f893e9d46ce27d3816cf5249ec5a395042,200,2021-12-18T01:17:45.855017,,
139,text/plain; charset=utf-8,0.255,62c0f319c2dd048f7e0aebaae669415e577f6fcf7491a030ccd472d1e43d3526,2fe5d6561eb7b987b60fefefd8c121f893e9d46ce27d3816cf5249ec5a395042,200,2021-12-19T01:19:12.597036,,
139,text/plain; charset=utf-8,0.256,62c0f319c2dd048f7e0aebaae669415e577f6fcf7491a030ccd472d1e43d3526,2fe5d6561eb7b987b60fefefd8c121f893e9d46ce27d3816cf5249ec5a395042,200,2021-12-20T01:15:32.148186,,
139,text/plain; charset=utf-8,0.253,62c0f319c2dd048f7e0aebaae669415e577f6fcf7491a030ccd472d1e43d3526,2fe5d6561eb7b987b60fefefd8c121f893e9d46ce27d3816cf5249ec5a395042,200,2021-12-21T01:17:07.471120,,
139,text/plain; charset=utf-8,0.414,62c0f319c2dd048f7e0aebaae669415e577f6fcf7491a030ccd472d1e43d3526,2fe5d6561eb7b987b60fefefd8c121f893e9d46ce27d3816cf5249ec5a395042,200,2021-12-22T01:16:37.958778,,
139,text/plain; charset=utf-8,0.267,62c0f319c2dd048f7e0aebaae669415e577f6fcf7491a030ccd472d1e43d3526,2fe5d6561eb7b987b60fefefd8c121f893e9d46ce27d3816cf5249ec5a395042,200,2021-12-23T01:14:32.894026,,
139,text/plain; charset=utf-8,0.271,62c0f319c2dd048f7e0aebaae669415e577f6fcf7491a030ccd472d1e43d3526,2fe5d6561eb7b987b60fefefd8c121f893e9d46ce27d3816cf5249ec5a395042,200,2021-12-24T01:13:31.991211,,
139,text/plain; charset=utf-8,0.483,62c0f319c2dd048f7e0aebaae669415e577f6fcf7491a030ccd472d1e43d3526,2fe5d6561eb7b987b60fefefd8c121f893e9d46ce27d3816cf5249ec5a395042,200,2021-12-25T01:13:21.777575,,
